ItemId,TotalSales,TotalRevenue,AvgCost
1,48,650,13.541666666666666
2,53,5300,100.0
3,65,1820,28.0
4,83,4150,50.0
5,84,1110,13.214285714285714
6,85,6375,75.0
7,18,720,40.0
8,21,1260,60.0
9,28,2520,90.0
10,36,3960,110.0
